Name,Birthdate,Gender,Address
최다,남성,1977-5-19,52번지 Houston
조다,여성,1991-8-5,89번지 New York
최나,남성,1999-4-4,24번지 Los Angeles
조라,여성,1990-1-22,14번지 Los Angeles
이다,여성,1960-1-2,98번지 Los Angeles
최다,여성,2008-8-8,13번지 Chicage
최라,여성,1994-12-14,53번지 Houston
최마,남성,1985-6-4,74번지 Los Angeles
이라,여성,1991-7-19,20번지 Los Angeles
조라,여성,1989-3-14,82번지 New York
박나,여성,1993-2-17,78번지 Philadelpia
김가,여성,1982-12-21,32번지 New York
박나,남성,1967-4-1,33번지 Chicage
최가,여성,1984-4-7,11번지 Houston
조가,여성,1976-11-10,6번지 New York
조다,남성,2000-6-15,14번지 New York
조가,여성,2006-11-26,19번지 New York
최나,남성,1963-10-15,12번지 Chicage
이나,여성,1965-11-10,34번지 Houston
김라,남성,1980-8-8,78번지 New York
이다,남성,1973-1-20,78번지 New York
이다,여성,2008-12-22,83번지 Chicage
김나,남성,1989-5-21,14번지 Los Angeles
이라,여성,1998-4-23,37번지 Chicage
김가,여성,2004-5-20,61번지 New York
이라,남성,1990-1-4,78번지 Chicage
조다,남성,2000-2-16,19번지 New York
최라,여성,1960-8-9,25번지 Houston
김마,남성,1963-10-26,47번지 Philadelpia
조다,남성,1961-10-25,38번지 Philadelpia
김나,남성,1985-10-14,57번지 New York
이나,여성,1997-3-22,84번지 Chicage
박가,여성,1968-3-11,55번지 Houston
조다,남성,1985-5-7,86번지 Philadelpia
박라,남성,1983-4-9,76번지 Philadelpia
이가,남성,1966-2-6,79번지 Houston
김나,여성,2003-8-13,38번지 New York
이다,여성,1985-7-18,98번지 Houston
김마,여성,2009-3-3,73번지 Chicage
조나,여성,1993-10-12,53번지 New York
김라,남성,2006-4-3,85번지 Houston
김라,남성,1999-3-15,6번지 Los Angeles
이마,여성,1994-5-8,30번지 Philadelpia
조다,여성,1998-1-15,41번지 New York
박나,여성,1990-4-23,49번지 Chicage
조가,남성,1963-6-26,99번지 Philadelpia
김라,여성,2004-4-9,20번지 Los Angeles
이가,남성,1995-11-6,85번지 Philadelpia
조가,남성,1980-5-21,48번지 Chicage
최다,여성,1999-9-24,76번지 Chicage
최나,남성,2004-7-12,68번지 Philadelpia
이다,여성,2004-5-3,96번지 Chicage
김라,여성,2010-11-3,53번지 Houston
조가,남성,2002-4-25,46번지 Chicage
박마,여성,1970-8-8,65번지 Houston
조라,여성,2000-7-17,19번지 Chicage
최라,남성,2003-10-7,22번지 Philadelpia
박라,여성,2004-9-13,24번지 Philadelpia
최가,남성,1986-6-25,72번지 Houston
최라,여성,2006-8-1,84번지 Chicage
김가,남성,1992-4-1,99번지 New York
이라,남성,1994-12-10,34번지 Philadelpia
조라,여성,2000-4-2,6번지 Los Angeles
최마,여성,1971-7-2,37번지 New York
이나,여성,1984-10-21,61번지 Chicage
조다,여성,1962-4-28,93번지 Los Angeles
이가,남성,1969-1-18,8번지 Philadelpia
최가,남성,1992-7-20,27번지 Philadelpia
이라,여성,1993-5-27,7번지 New York
최다,남성,1972-8-14,37번지 New York
최다,여성,1966-11-24,29번지 New York
박나,남성,1975-6-24,36번지 Philadelpia
최가,여성,1994-9-24,3번지 New York
김다,여성,1998-3-28,96번지 Los Angeles
조나,남성,1972-11-19,14번지 Houston
조나,여성,1972-5-8,97번지 Chicage
최나,여성,1965-8-25,46번지 Chicage
이가,남성,1968-2-11,24번지 New York
김마,여성,2001-8-20,72번지 Houston
조다,남성,1976-11-15,96번지 Houston
조나,여성,1961-1-24,18번지 New York
조라,남성,1994-10-25,83번지 Chicage
조라,남성,2002-1-14,81번지 New York
이나,여성,1980-7-1,44번지 Los Angeles
최가,남성,1989-4-1,28번지 Philadelpia
박마,남성,2001-5-18,79번지 New York
박가,남성,2002-11-27,62번지 Philadelpia
김마,여성,1977-9-22,39번지 Houston
김가,여성,1996-3-21,32번지 New York
최가,여성,1962-3-20,97번지 Philadelpia
최라,남성,1961-5-2,62번지 Chicage
조다,여성,2006-9-2,15번지 Los Angeles
조나,남성,2009-9-3,98번지 Chicage
최다,여성,2007-2-7,71번지 Los Angeles
김가,여성,1975-9-3,50번지 Houston
최마,남성,1974-1-9,95번지 Los Angeles
조나,여성,1982-8-17,98번지 New York
최다,남성,1994-2-24,39번지 Los Angeles
최다,여성,1966-3-24,10번지 Houston
조마,여성,2008-3-28,87번지 Houston